{
  "ok": true,
  "centroid_mm": [
    -8.931401791860084,
    -2.499522559228405,
    246.06023935874947
  ],
  "principal_axis": [
    -0.1542722013124357,
    -0.967124497663665,
    -0.20216402726750957
  ],
  "surface_normal": [
    0.1031307141415317,
    0.18773358415597524,
    -0.9767907438037121
  ],
  "eigenvalues_mm2": [
    3289.9682364866185,
    846.1664844071668,
    37.91089331408952
  ],
  "px_centroid": [
    304,
    191
  ],
  "n_points": 45037,
  "extent_mm": {
    "along_axis": 114.71648942478355,
    "across": 58.17788185924842,
    "thickness": 12.314364508831062
  }
}