{
  "ok": true,
  "centroid_mm": [
    32.48004561779682,
    -16.229035053675652,
    193.94963953060042
  ],
  "principal_axis": [
    -0.951874415256382,
    -0.06354982222030875,
    -0.2998274798548125
  ],
  "surface_normal": [
    0.3063382876058761,
    -0.16666578709148813,
    -0.937218954652473
  ],
  "eigenvalues_mm2": [
    5446.183643331546,
    959.2354808499736,
    134.75763382595002
  ],
  "px_centroid": [
    370,
    165
  ],
  "n_points": 76012,
  "extent_mm": {
    "along_axis": 147.59652629152959,
    "across": 61.94305387531272,
    "thickness": 23.217031147496016
  }
}