{
  "ok": true,
  "centroid_mm": [
    -7.918790431296057,
    0.4207850562995955,
    196.70567139931387
  ],
  "principal_axis": [
    -0.9967599707424792,
    0.023886968701999377,
    0.07680477492761696
  ],
  "surface_normal": [
    -0.025424927992745216,
    0.8123541074103643,
    -0.5826099700572192
  ],
  "eigenvalues_mm2": [
    8350.402205751609,
    4376.445114313865,
    1152.7212808009199
  ],
  "px_centroid": [
    308,
    189
  ],
  "n_points": 115721,
  "extent_mm": {
    "along_axis": 182.76107031588108,
    "across": 132.3094118241611,
    "thickness": 67.90349860797807
  }
}