{
  "ok": true,
  "centroid_mm": [
    2.3713076833134776,
    -7.557350140310045,
    294.7809852933534
  ],
  "principal_axis": [
    -0.33896781881987686,
    -0.8617880238144564,
    -0.37738868532915604
  ],
  "surface_normal": [
    -0.05761905018095538,
    0.4194003469165922,
    -0.9059709675604879
  ],
  "eigenvalues_mm2": [
    8352.992180664896,
    873.2199813655855,
    116.50432116337697
  ],
  "px_centroid": [
    318,
    176
  ],
  "n_points": 38486,
  "extent_mm": {
    "along_axis": 182.78941086031102,
    "across": 59.10059158301499,
    "thickness": 21.58743348926657
  }
}