{
  "ok": true,
  "centroid_mm": [
    -42.27006465319767,
    32.63786987856897,
    304.1067418817195
  ],
  "principal_axis": [
    -0.7610551159111593,
    -0.618243307112539,
    -0.19639328846985127
  ],
  "surface_normal": [
    0.3296051748839994,
    -0.10779177793261052,
    -0.9379452869436546
  ],
  "eigenvalues_mm2": [
    13192.765388238031,
    4099.536501424477,
    1047.9023618563779
  ],
  "px_centroid": [
    254,
    240
  ],
  "n_points": 54599,
  "extent_mm": {
    "along_axis": 229.7195280183035,
    "across": 128.05524591244946,
    "thickness": 64.74264010237388
  }
}